verb,uri,controller,method
POST,login,"App\Http\Controllers\LoginController",postIndex
PUT,login/crear-prematricula,"App\Http\Controllers\LoginController",putCrearPrematricula
POST,login/credentials,"App\Http\Controllers\LoginController",postCredentials
PUT,login/logout,"App\Http\Controllers\LoginController",putLogout
PUT,login/reset-password,"App\Http\Controllers\LoginController",putResetPassword
POST,login/ver-pass,"App\Http\Controllers\LoginController",postVerPass
GET,alumnos,"App\Http\Controllers\AlumnosController",getIndex
PUT,alumnos/cambiar-claves,"App\Http\Controllers\AlumnosController",putCambiarClaves
PUT,alumnos/documento-check,"App\Http\Controllers\AlumnosController",putDocumentoCheck
PUT,alumnos/eps-check,"App\Http\Controllers\AlumnosController",putEpsCheck
PUT,alumnos/guardar-valor,"App\Http\Controllers\AlumnosController",putGuardarValor
PUT,alumnos/guardar-valor-varios,"App\Http\Controllers\AlumnosController",putGuardarValorVarios
PUT,alumnos/personas-check,"App\Http\Controllers\AlumnosController",putPersonasCheck
PUT,alumnos/show,"App\Http\Controllers\AlumnosController",putShow
GET,alumnos/sin-matriculas,"App\Http\Controllers\AlumnosController",getSinMatriculas
POST,alumnos/store,"App\Http\Controllers\AlumnosController",postStore
GET,alumnos/trashed,"App\Http\Controllers\AlumnosController",getTrashed
PUT,alumnos/years-con-notas,"App\Http\Controllers\AlumnosController",putYearsConNotas
PUT,alumnos/de-grupo/{grupo_id},"App\Http\Controllers\AlumnosController",putDeGrupo
DELETE,alumnos/destroy/{id},"App\Http\Controllers\AlumnosController",deleteDestroy
DELETE,alumnos/forcedelete/{id},"App\Http\Controllers\AlumnosController",deleteForcedelete
PUT,alumnos/restore/{id},"App\Http\Controllers\AlumnosController",putRestore
PUT,alumnos/update/{id},"App\Http\Controllers\AlumnosController",putUpdate
GET,importar,"App\Http\Controllers\Alumnos\ImportarController",getIndex
POST,importar/cartera,"App\Http\Controllers\Alumnos\ImportarController",postCartera
POST,importar/algo/{year},"App\Http\Controllers\Alumnos\ImportarController",postAlgo
GET,importar/modificar/{year},"App\Http\Controllers\Alumnos\ImportarController",getModificar
GET,folios/iniciar,"App\Http\Controllers\Alumnos\FoliosController",getIniciar
PUT,acudientes/buscar,"App\Http\Controllers\AcudientesController",putBuscar
POST,acudientes/crear,"App\Http\Controllers\AcudientesController",postCrear
POST,acudientes/crear-usuario,"App\Http\Controllers\AcudientesController",postCrearUsuario
PUT,acudientes/datos,"App\Http\Controllers\AcudientesController",putDatos
PUT,acudientes/de-persona,"App\Http\Controllers\AcudientesController",putDePersona
PUT,acudientes/guardar-valor,"App\Http\Controllers\AcudientesController",putGuardarValor
PUT,acudientes/mis-acudidos,"App\Http\Controllers\AcudientesController",putMisAcudidos
PUT,acudientes/no-asignados,"App\Http\Controllers\AcudientesController",putNoAsignados
PUT,acudientes/ocupaciones-check,"App\Http\Controllers\AcudientesController",putOcupacionesCheck
PUT,acudientes/planillas-ausencias,"App\Http\Controllers\AcudientesController",putPlanillasAusencias
PUT,acudientes/quitar-parentesco-alumno,"App\Http\Controllers\AcudientesController",putQuitarParentescoAlumno
PUT,acudientes/seleccionar-parentesco,"App\Http\Controllers\AcudientesController",putSeleccionarParentesco
PUT,acudientes/ultimos,"App\Http\Controllers\AcudientesController",putUltimos
DELETE,acudientes/destroy/{id},"App\Http\Controllers\AcudientesController",deleteDestroy
PUT,buscar/por-apellido,"App\Http\Controllers\BuscarController",putPorApellido
PUT,buscar/por-nombre,"App\Http\Controllers\BuscarController",putPorNombre
GET,paises,"App\Http\Controllers\PaisesController",getIndex
POST,paises/store,"App\Http\Controllers\PaisesController",postStore
GET,ciudades,"App\Http\Controllers\CiudadesController",getIndex
PUT,ciudades/actualizar-ciudad,"App\Http\Controllers\CiudadesController",putActualizarCiudad
PUT,ciudades/actualizar-departamento,"App\Http\Controllers\CiudadesController",putActualizarDepartamento
GET,ciudades/by-departamento,"App\Http\Controllers\CiudadesController",getByDepartamento
PUT,ciudades/departamentos-by-id,"App\Http\Controllers\CiudadesController",putDepartamentosById
POST,ciudades/guardar-ciudad,"App\Http\Controllers\CiudadesController",postGuardarCiudad
GET,ciudades/datosciudad/{ciudad_id},"App\Http\Controllers\CiudadesController",getDatosciudad
GET,ciudades/departamentos/{pais_id},"App\Http\Controllers\CiudadesController",getDepartamentos
DELETE,ciudades/destroy/{id},"App\Http\Controllers\CiudadesController",deleteDestroy
GET,ciudades/paisdeciudad/{ciudad_id},"App\Http\Controllers\CiudadesController",getPaisdeciudad
GET,ciudades/por-departamento/{departamento},"App\Http\Controllers\CiudadesController",getPorDepartamento
GET,areas,"App\Http\Controllers\AreasController",getIndex
POST,areas,"App\Http\Controllers\AreasController",postIndex
PUT,areas/update-orden,"App\Http\Controllers\AreasController",putUpdateOrden
DELETE,areas/destroy/{id},"App\Http\Controllers\AreasController",deleteDestroy
PUT,areas/update/{id},"App\Http\Controllers\AreasController",putUpdate
GET,materias,"App\Http\Controllers\MateriasController",getIndex
POST,materias,"App\Http\Controllers\MateriasController",postIndex
PUT,materias/update-orden,"App\Http\Controllers\MateriasController",putUpdateOrden
DELETE,materias/destroy/{id},"App\Http\Controllers\MateriasController",deleteDestroy
PUT,materias/update/{id},"App\Http\Controllers\MateriasController",putUpdate
GET,asignaturas,"App\Http\Controllers\AsignaturasController",getIndex
POST,asignaturas,"App\Http\Controllers\AsignaturasController",postIndex
POST,asignaturas/copiar,"App\Http\Controllers\AsignaturasController",postCopiar
PUT,asignaturas/datos-asignaturas,"App\Http\Controllers\AsignaturasController",putDatosAsignaturas
PUT,asignaturas/detalle-asignatura,"App\Http\Controllers\AsignaturasController",putDetalleAsignatura
GET,asignaturas/listasignaturas-alone,"App\Http\Controllers\AsignaturasController",getListasignaturasAlone
GET,asignaturas/papelera,"App\Http\Controllers\AsignaturasController",getPapelera
PUT,asignaturas/restaurar,"App\Http\Controllers\AsignaturasController",putRestaurar
PUT,asignaturas/toggle-dia,"App\Http\Controllers\AsignaturasController",putToggleDia
DELETE,asignaturas/destroy/{id},"App\Http\Controllers\AsignaturasController",deleteDestroy
GET,asignaturas/list-asignaturas-year/{profesor_id}/{periodo_id},"App\Http\Controllers\AsignaturasController",getListAsignaturasYear
GET,asignaturas/listasignaturas/{persona_id?},"App\Http\Controllers\AsignaturasController",getListasignaturas
GET,asignaturas/show/{asignatura_id},"App\Http\Controllers\AsignaturasController",getShow
PUT,asignaturas/update/{id},"App\Http\Controllers\AsignaturasController",putUpdate
POST,unidades,"App\Http\Controllers\UnidadesController",postIndex
PUT,unidades/de-profesor,"App\Http\Controllers\UnidadesController",putDeProfesor
GET,unidades/trashed,"App\Http\Controllers\UnidadesController",getTrashed
PUT,unidades/update-orden,"App\Http\Controllers\UnidadesController",putUpdateOrden
PUT,unidades/de-asignatura-periodo/{asignatura_id}/{periodo_id},"App\Http\Controllers\UnidadesController",putDeAsignaturaPeriodo
GET,unidades/de-asignatura-periodo/{asignatura_id}/{periodo_id}/{user?},"App\Http\Controllers\UnidadesController",getDeAsignaturaPeriodo
DELETE,unidades/destroy/{id},"App\Http\Controllers\UnidadesController",deleteDestroy
PUT,unidades/eliminadas/{asignatura_id},"App\Http\Controllers\UnidadesController",putEliminadas
DELETE,unidades/forcedelete/{id},"App\Http\Controllers\UnidadesController",deleteForcedelete
PUT,unidades/restore/{id},"App\Http\Controllers\UnidadesController",putRestore
PUT,unidades/update/{id},"App\Http\Controllers\UnidadesController",putUpdate
POST,subunidades,"App\Http\Controllers\SubunidadesController",postIndex
GET,subunidades/trashed,"App\Http\Controllers\SubunidadesController",getTrashed
PUT,subunidades/update-orden,"App\Http\Controllers\SubunidadesController",putUpdateOrden
PUT,subunidades/update-orden-varias,"App\Http\Controllers\SubunidadesController",putUpdateOrdenVarias
DELETE,subunidades/destroy/{id},"App\Http\Controllers\SubunidadesController",deleteDestroy
PUT,subunidades/eliminadas/{asignatura_id},"App\Http\Controllers\SubunidadesController",putEliminadas
DELETE,subunidades/forcedelete/{id},"App\Http\Controllers\SubunidadesController",deleteForcedelete
PUT,subunidades/restore/{id},"App\Http\Controllers\SubunidadesController",putRestore
PUT,subunidades/update/{id},"App\Http\Controllers\SubunidadesController",putUpdate
POST,users/crear-administrador,"App\Http\Controllers\UsersController",postCrearAdministrador
POST,users/crear-enfermero,"App\Http\Controllers\UsersController",postCrearEnfermero
POST,users/crear-psicologo,"App\Http\Controllers\UsersController",postCrearPsicologo
GET,users/export,"App\Http\Controllers\UsersController",getExport
PUT,users/usernames-check,"App\Http\Controllers\UsersController",putUsernamesCheck
PUT,cambiar-usuarios/poner-documento-como-username-acudientes,"App\Http\Controllers\CambiarUsuarios\CambiarUsuariosController",putPonerDocumentoComoUsernameAcudientes
PUT,cambiar-usuarios/poner-documento-como-username-alumnos,"App\Http\Controllers\CambiarUsuarios\CambiarUsuariosController",putPonerDocumentoComoUsernameAlumnos
PUT,cambiar-usuarios/poner-password-todos-acudientes,"App\Http\Controllers\CambiarUsuarios\CambiarUsuariosController",putPonerPasswordTodosAcudientes
PUT,cambiar-usuarios/poner-password-todos-alumnos,"App\Http\Controllers\CambiarUsuarios\CambiarUsuariosController",putPonerPasswordTodosAlumnos
PUT,notas/alumno-periodo-grupo,"App\Http\Controllers\NotasController",putAlumnoPeriodoGrupo
PUT,notas/detailed,"App\Http\Controllers\NotasController",putDetailed
PUT,notas/subunidad,"App\Http\Controllers\NotasController",putSubunidad
GET,notas/alumno/{alumno_id?}/{grupo_id?},"App\Http\Controllers\NotasController",getAlumno
DELETE,notas/destroy/{id},"App\Http\Controllers\NotasController",deleteDestroy
GET,notas/show/{nota_id},"App\Http\Controllers\NotasController",getShow
PUT,notas/update/{id},"App\Http\Controllers\NotasController",putUpdate
GET,niveles_educativos,"App\Http\Controllers\NivelesEducativosController",getIndex
POST,niveles_educativos/store,"App\Http\Controllers\NivelesEducativosController",postStore
DELETE,niveles_educativos/destroy/{id},"App\Http\Controllers\NivelesEducativosController",deleteDestroy
GET,niveles_educativos/show/{id},"App\Http\Controllers\NivelesEducativosController",getShow
PUT,niveles_educativos/update/{id},"App\Http\Controllers\NivelesEducativosController",putUpdate
GET,grados,"App\Http\Controllers\GradosController",getIndex
POST,grados/store,"App\Http\Controllers\GradosController",postStore
DELETE,grados/destroy/{id},"App\Http\Controllers\GradosController",deleteDestroy
GET,grados/show/{id},"App\Http\Controllers\GradosController",getShow
PUT,grados/update/{id},"App\Http\Controllers\GradosController",putUpdate
GET,grupos,"App\Http\Controllers\GruposController",getIndex
PUT,grupos/alumnos-con-datos,"App\Http\Controllers\GruposController",putAlumnosConDatos
GET,grupos/cant-alumnos,"App\Http\Controllers\GruposController",getCantAlumnos
PUT,grupos/con-cantidad-alumnos,"App\Http\Controllers\GruposController",putConCantidadAlumnos
PUT,grupos/con-disciplina,"App\Http\Controllers\GruposController",putConDisciplina
GET,grupos/con-paises-tipos,"App\Http\Controllers\GruposController",getConPaisesTipos
GET,grupos/con-paises-tipos-next-year,"App\Http\Controllers\GruposController",getConPaisesTiposNextYear
GET,grupos/next-year,"App\Http\Controllers\GruposController",getNextYear
POST,grupos/store,"App\Http\Controllers\GruposController",postStore
GET,grupos/trashed,"App\Http\Controllers\GruposController",getTrashed
PUT,grupos/update,"App\Http\Controllers\GruposController",putUpdate
DELETE,grupos/destroy/{id},"App\Http\Controllers\GruposController",deleteDestroy
DELETE,grupos/forcedelete/{id},"App\Http\Controllers\GruposController",deleteForcedelete
GET,grupos/listado/{grupo_id},"App\Http\Controllers\GruposController",getListado
PUT,grupos/restore/{id},"App\Http\Controllers\GruposController",putRestore
GET,grupos/show/{id},"App\Http\Controllers\GruposController",getShow
PUT,matriculas/alumnos-con-grado-anterior,"App\Http\Controllers\Matriculas\MatriculasController",putAlumnosConGradoAnterior
PUT,matriculas/alumnos-grado-anterior,"App\Http\Controllers\Matriculas\MatriculasController",putAlumnosGradoAnterior
PUT,matriculas/cambiar-fecha-matricula,"App\Http\Controllers\Matriculas\MatriculasController",putCambiarFechaMatricula
PUT,matriculas/cambiar-fecha-retiro,"App\Http\Controllers\Matriculas\MatriculasController",putCambiarFechaRetiro
PUT,matriculas/desertar,"App\Http\Controllers\Matriculas\MatriculasController",putDesertar
POST,matriculas/matricular-en,"App\Http\Controllers\Matriculas\MatriculasController",postMatricularEn
POST,matriculas/matricularuno,"App\Http\Controllers\Matriculas\MatriculasController",postMatricularuno
PUT,matriculas/prematricular,"App\Http\Controllers\Matriculas\MatriculasController",putPrematricular
PUT,matriculas/quitar-prematricula,"App\Http\Controllers\Matriculas\MatriculasController",putQuitarPrematricula
PUT,matriculas/re-matricularuno,"App\Http\Controllers\Matriculas\MatriculasController",putReMatricularuno
PUT,matriculas/retirar,"App\Http\Controllers\Matriculas\MatriculasController",putRetirar
PUT,matriculas/set-asistente,"App\Http\Controllers\Matriculas\MatriculasController",putSetAsistente
PUT,matriculas/set-new-asistente,"App\Http\Controllers\Matriculas\MatriculasController",putSetNewAsistente
PUT,matriculas/set-promovido,"App\Http\Controllers\Matriculas\MatriculasController",putSetPromovido
PUT,matriculas/toggle-nuevo,"App\Http\Controllers\Matriculas\MatriculasController",putToggleNuevo
DELETE,matriculas/destroy/{id},"App\Http\Controllers\Matriculas\MatriculasController",deleteDestroy
POST,enfermeria/crear-suceso,"App\Http\Controllers\Matriculas\EnfermeriaController",postCrearSuceso
PUT,enfermeria/datos,"App\Http\Controllers\Matriculas\EnfermeriaController",putDatos
PUT,enfermeria/guardar-valor,"App\Http\Controllers\Matriculas\EnfermeriaController",putGuardarValor
PUT,enfermeria/guardar-valor-suceso,"App\Http\Controllers\Matriculas\EnfermeriaController",putGuardarValorSuceso
DELETE,enfermeria/destroy/{id},"App\Http\Controllers\Matriculas\EnfermeriaController",deleteDestroy
PUT,prematriculas/alumnos-con-grado-anterior,"App\Http\Controllers\Matriculas\PrematriculasController",putAlumnosConGradoAnterior
PUT,prematriculas/alumnos-grado-anterior,"App\Http\Controllers\Matriculas\PrematriculasController",putAlumnosGradoAnterior
PUT,prematriculas/llevo-formulario,"App\Http\Controllers\Matriculas\PrematriculasController",putLlevoFormulario
PUT,requisitos,"App\Http\Controllers\Matriculas\RequisitosController",putIndex
POST,requisitos/alumno,"App\Http\Controllers\Matriculas\RequisitosController",postAlumno
PUT,requisitos/listado-observaciones,"App\Http\Controllers\Matriculas\RequisitosController",putListadoObservaciones
POST,requisitos/store,"App\Http\Controllers\Matriculas\RequisitosController",postStore
PUT,requisitos/update,"App\Http\Controllers\Matriculas\RequisitosController",putUpdate
DELETE,requisitos/destroy/{id},"App\Http\Controllers\Matriculas\RequisitosController",deleteDestroy
PUT,cartera/alumnos,"App\Http\Controllers\CarteraController",putAlumnos
GET,cartera/exportar-solo-deudores,"App\Http\Controllers\CarteraController",getExportarSoloDeudores
PUT,cartera/solo-deudores,"App\Http\Controllers\CarteraController",putSoloDeudores
PUT,detalles/alumno,"App\Http\Controllers\DetallesController",putAlumno
PUT,detalles/eliminar-matricula-destroy,"App\Http\Controllers\DetallesController",putEliminarMatriculaDestroy
PUT,detalles/eliminar-notas-periodo,"App\Http\Controllers\DetallesController",putEliminarNotasPeriodo
PUT,detalles/grupos-periodos,"App\Http\Controllers\DetallesController",putGruposPeriodos
GET,profesores,"App\Http\Controllers\ProfesoresController",getIndex
GET,profesores/conyears,"App\Http\Controllers\ProfesoresController",getConyears
PUT,profesores/guardar-valor,"App\Http\Controllers\ProfesoresController",putGuardarValor
PUT,profesores/listado,"App\Http\Controllers\ProfesoresController",putListado
POST,profesores/store,"App\Http\Controllers\ProfesoresController",postStore
GET,profesores/todos,"App\Http\Controllers\ProfesoresController",getTodos
GET,profesores/trashed,"App\Http\Controllers\ProfesoresController",getTrashed
DELETE,profesores/destroy/{id},"App\Http\Controllers\ProfesoresController",deleteDestroy
DELETE,profesores/forcedelete/{id},"App\Http\Controllers\ProfesoresController",deleteForcedelete
PUT,profesores/restore/{id},"App\Http\Controllers\ProfesoresController",putRestore
GET,profesores/show/{id},"App\Http\Controllers\ProfesoresController",getShow
PUT,profesores/update/{id},"App\Http\Controllers\ProfesoresController",putUpdate
GET,contratos,"App\Http\Controllers\ContratosController",getIndex
POST,contratos,"App\Http\Controllers\ContratosController",postIndex
DELETE,contratos/destroy/{id},"App\Http\Controllers\ContratosController",deleteDestroy
GET,nota_comportamiento,"App\Http\Controllers\NotaComportamientoController",getIndex
PUT,nota_comportamiento/crear,"App\Http\Controllers\NotaComportamientoController",putCrear
PUT,nota_comportamiento/frases-check,"App\Http\Controllers\NotaComportamientoController",putFrasesCheck
PUT,nota_comportamiento/guardar-libro,"App\Http\Controllers\NotaComportamientoController",putGuardarLibro
POST,nota_comportamiento/store,"App\Http\Controllers\NotaComportamientoController",postStore
DELETE,nota_comportamiento/destroy/{id},"App\Http\Controllers\NotaComportamientoController",deleteDestroy
GET,nota_comportamiento/detailed/{grupo_id},"App\Http\Controllers\NotaComportamientoController",getDetailed
PUT,nota_comportamiento/update/{id},"App\Http\Controllers\NotaComportamientoController",putUpdate
GET,definitivas_periodos,"App\Http\Controllers\DefinitivasPeriodosController",getIndex
GET,definitivas_periodos/arreglar-duplicados,"App\Http\Controllers\DefinitivasPeriodosController",getArreglarDuplicados
PUT,definitivas_periodos/calcular-grupo-periodo,"App\Http\Controllers\DefinitivasPeriodosController",putCalcularGrupoPeriodo
PUT,definitivas_periodos/calcular-notas-finales-asignatura,"App\Http\Controllers\DefinitivasPeriodosController",putCalcularNotasFinalesAsignatura
PUT,definitivas_periodos/eliminar-recuperada,"App\Http\Controllers\DefinitivasPeriodosController",putEliminarRecuperada
PUT,definitivas_periodos/toggle-manual,"App\Http\Controllers\DefinitivasPeriodosController",putToggleManual
PUT,definitivas_periodos/toggle-recuperada,"App\Http\Controllers\DefinitivasPeriodosController",putToggleRecuperada
PUT,definitivas_periodos/update,"App\Http\Controllers\DefinitivasPeriodosController",putUpdate
PUT,definitivas_periodos/update-recuperacion,"App\Http\Controllers\DefinitivasPeriodosController",putUpdateRecuperacion
DELETE,definitivas_periodos/destroy/{id},"App\Http\Controllers\DefinitivasPeriodosController",deleteDestroy
GET,definiciones_comportamiento,"App\Http\Controllers\DefinicionesComportamientoController",getIndex
POST,definiciones_comportamiento/store,"App\Http\Controllers\DefinicionesComportamientoController",postStore
POST,definiciones_comportamiento/store-escrita,"App\Http\Controllers\DefinicionesComportamientoController",postStoreEscrita
DELETE,definiciones_comportamiento/destroy/{id},"App\Http\Controllers\DefinicionesComportamientoController",deleteDestroy
GET,comportamiento,"App\Http\Controllers\Disciplina\ComportamientoController",getIndex
PUT,comportamiento/observador-completo,"App\Http\Controllers\Disciplina\ComportamientoController",putObservadorCompleto
PUT,comportamiento/observador-periodo,"App\Http\Controllers\Disciplina\ComportamientoController",putObservadorPeriodo
PUT,comportamiento/situaciones-por-grupos,"App\Http\Controllers\Disciplina\ComportamientoController",putSituacionesPorGrupos
GET,frases,"App\Http\Controllers\FrasesController",getIndex
POST,frases/store,"App\Http\Controllers\FrasesController",postStore
DELETE,frases/destroy/{id},"App\Http\Controllers\FrasesController",deleteDestroy
PUT,frases/update/{id},"App\Http\Controllers\FrasesController",putUpdate
PUT,ChangesAsked/aceptar-alumno,"App\Http\Controllers\ChangeAskedController",putAceptarAlumno
PUT,ChangesAsked/aceptar-asignatura,"App\Http\Controllers\ChangeAskedController",putAceptarAsignatura
PUT,ChangesAsked/destruir,"App\Http\Controllers\ChangeAskedController",putDestruir
PUT,ChangesAsked/destruir-pedido-asignatura,"App\Http\Controllers\ChangeAskedController",putDestruirPedidoAsignatura
PUT,ChangesAsked/rechazar,"App\Http\Controllers\ChangeAskedController",putRechazar
PUT,ChangesAsked/solicitar-cambios,"App\Http\Controllers\ChangeAskedController",putSolicitarCambios
GET,ChangesAsked/to-me,"App\Http\Controllers\ChangeAskedController",getToMe
PUT,ChangesAsked/ver-detalles,"App\Http\Controllers\ChangeAskedController",putVerDetalles
PUT,ChangesAskedAssignment/pedir-quitar-asignatura,"App\Http\Controllers\ChangeAskedAssignmentController",putPedirQuitarAsignatura
PUT,ChangesAskedAssignment/solicitar-materia,"App\Http\Controllers\ChangeAskedAssignmentController",putSolicitarMateria
PUT,ChangesAskedAssignment/ver-detalles,"App\Http\Controllers\ChangeAskedAssignmentController",putVerDetalles
GET,ausencias,"App\Http\Controllers\AusenciasController",getIndex
POST,ausencias/agregar-ausencia,"App\Http\Controllers\AusenciasController",postAgregarAusencia
POST,ausencias/agregar-tardanza,"App\Http\Controllers\AusenciasController",postAgregarTardanza
PUT,ausencias/cambiar-tipo-ausencia,"App\Http\Controllers\AusenciasController",putCambiarTipoAusencia
PUT,ausencias/guardar-cambios-ausencia,"App\Http\Controllers\AusenciasController",putGuardarCambiosAusencia
POST,ausencias/store,"App\Http\Controllers\AusenciasController",postStore
DELETE,ausencias/destroy/{id},"App\Http\Controllers\AusenciasController",deleteDestroy
GET,ausencias/detailed/{asignatura_id},"App\Http\Controllers\AusenciasController",getDetailed
PUT,uniformes/actualizar,"App\Http\Controllers\UniformesController",putActualizar
PUT,uniformes/agregar,"App\Http\Controllers\UniformesController",putAgregar
PUT,uniformes/eliminar,"App\Http\Controllers\UniformesController",putEliminar
PUT,uniformes/guardar-cambios,"App\Http\Controllers\UniformesController",putGuardarCambios
POST,bitacoras/store,"App\Http\Controllers\BitacorasController",postStore
DELETE,bitacoras/destroy/{id},"App\Http\Controllers\BitacorasController",deleteDestroy
PUT,bitacoras/update/{id},"App\Http\Controllers\BitacorasController",putUpdate
GET,bitacoras/{user_id?},"App\Http\Controllers\BitacorasController",getIndex
GET,roles,"App\Http\Controllers\RolesController",getIndex
GET,roles/rolesconpermisos,"App\Http\Controllers\RolesController",getRolesconpermisos
PUT,roles/addpermission/{id},"App\Http\Controllers\RolesController",putAddpermission
PUT,roles/addroletouser/{role_id},"App\Http\Controllers\RolesController",putAddroletouser
PUT,roles/removepermission/{id},"App\Http\Controllers\RolesController",putRemovepermission
PUT,roles/removeroletouser/{role_id},"App\Http\Controllers\RolesController",putRemoveroletouser
GET,permissions,"App\Http\Controllers\PermissionsController",getIndex
POST,permissions,"App\Http\Controllers\PermissionsController",postIndex
DELETE,permissions/destroy/{id},"App\Http\Controllers\PermissionsController",deleteDestroy
GET,permissions/show/{id},"App\Http\Controllers\PermissionsController",getShow
PUT,permissions/update/{id},"App\Http\Controllers\PermissionsController",putUpdate
GET,escalas,"App\Http\Controllers\EscalasDeValoracionController",getIndex
POST,escalas/store,"App\Http\Controllers\EscalasDeValoracionController",postStore
PUT,escalas/update,"App\Http\Controllers\EscalasDeValoracionController",putUpdate
DELETE,escalas/destroy/{id},"App\Http\Controllers\EscalasDeValoracionController",deleteDestroy
DELETE,frases_asignatura/destroy/{id},"App\Http\Controllers\FrasesAsignaturaController",deleteDestroy
GET,frases_asignatura/show/{alumno_id}/{asignatura_id},"App\Http\Controllers\FrasesAsignaturaController",getShow
POST,frases_asignatura/store/{frase_id?},"App\Http\Controllers\FrasesAsignaturaController",postStore
GET,eventos,"App\Http\Controllers\EventosController",getIndex
GET,years,"App\Http\Controllers\YearsController",getIndex
PUT,years/alumnos-can-see-notas,"App\Http\Controllers\YearsController",putAlumnosCanSeeNotas
GET,years/colegio,"App\Http\Controllers\YearsController",getColegio
PUT,years/guardar-cambios,"App\Http\Controllers\YearsController",putGuardarCambios
PUT,years/mostrar-todas-materias,"App\Http\Controllers\YearsController",putMostrarTodasMaterias
PUT,years/profes-can-edit-alumnos,"App\Http\Controllers\YearsController",putProfesCanEditAlumnos
PUT,years/set-actual,"App\Http\Controllers\YearsController",putSetActual
POST,years/store,"App\Http\Controllers\YearsController",postStore
PUT,years/toggle-cambiar-valor,"App\Http\Controllers\YearsController",putToggleCambiarValor
PUT,years/toggle-ignorar-notas-perdidas,"App\Http\Controllers\YearsController",putToggleIgnorarNotasPerdidas
PUT,years/toggle-mostrar-anio-pasado-en-boletin,"App\Http\Controllers\YearsController",putToggleMostrarAnioPasadoEnBoletin
PUT,years/toggle-mostrar-nota-comport-en-boletin,"App\Http\Controllers\YearsController",putToggleMostrarNotaComportEnBoletin
PUT,years/toggle-mostrar-puestos-en-boletin,"App\Http\Controllers\YearsController",putToggleMostrarPuestosEnBoletin
PUT,years/toggle-solo-valorativas,"App\Http\Controllers\YearsController",putToggleSoloValorativas
GET,years/trashed,"App\Http\Controllers\YearsController",getTrashed
DELETE,years/delete/{id},"App\Http\Controllers\YearsController",deleteDelete
DELETE,years/destroy/{id},"App\Http\Controllers\YearsController",deleteDestroy
PUT,years/restore/{id},"App\Http\Controllers\YearsController",putRestore
PUT,years/useractive/{year_id},"App\Http\Controllers\YearsController",putUseractive
GET,certificados,"App\Http\Controllers\ConfigCertificadosController",getIndex
PUT,certificados/actual,"App\Http\Controllers\ConfigCertificadosController",putActual
PUT,certificados/encabezado,"App\Http\Controllers\ConfigCertificadosController",putEncabezado
POST,certificados/store,"App\Http\Controllers\ConfigCertificadosController",postStore
PUT,certificados/update,"App\Http\Controllers\ConfigCertificadosController",putUpdate
DELETE,certificados/destroy/{id},"App\Http\Controllers\ConfigCertificadosController",deleteDestroy
GET,periodos,"App\Http\Controllers\PeriodosController",getIndex
PUT,periodos/cambiar-fecha-fin,"App\Http\Controllers\PeriodosController",putCambiarFechaFin
PUT,periodos/cambiar-fecha-inicio,"App\Http\Controllers\PeriodosController",putCambiarFechaInicio
PUT,periodos/copiar,"App\Http\Controllers\PeriodosController",putCopiar
PUT,periodos/toggle-profes-pueden-editar-notas,"App\Http\Controllers\PeriodosController",putToggleProfesPuedenEditarNotas
PUT,periodos/toggle-profes-pueden-nivelar,"App\Http\Controllers\PeriodosController",putToggleProfesPuedenNivelar
DELETE,periodos/destroy/{periodo_id},"App\Http\Controllers\PeriodosController",deleteDestroy
PUT,periodos/establecer-actual/{periodo_id},"App\Http\Controllers\PeriodosController",putEstablecerActual
GET,periodos/show/{year_id},"App\Http\Controllers\PeriodosController",getShow
POST,periodos/store/{year_id},"App\Http\Controllers\PeriodosController",postStore
PUT,periodos/update/{id},"App\Http\Controllers\PeriodosController",putUpdate
PUT,periodos/useractive/{periodo_id},"App\Http\Controllers\PeriodosController",putUseractive
POST,asistencias,"App\Http\Controllers\Tardanzas\AsistenciasController",postIndex
GET,asistencias/datos-solo-alumnos,"App\Http\Controllers\Tardanzas\AsistenciasController",getDatosSoloAlumnos
PUT,asistencias/detailed,"App\Http\Controllers\Tardanzas\AsistenciasController",putDetailed
PUT,asistencias/eliminar-ausencia,"App\Http\Controllers\Tardanzas\AsistenciasController",putEliminarAusencia
PUT,asistencias/poner-ausencia,"App\Http\Controllers\Tardanzas\AsistenciasController",putPonerAusencia
PUT,aplicacion-descargas/detailed,"App\Http\Controllers\AplicacionDescargas\InicioController",putDetailed
PUT,historiales/de-usuario,"App\Http\Controllers\Historiales\HistorialesController",putDeUsuario
PUT,historiales/nota-detalle,"App\Http\Controllers\Historiales\HistorialesController",putNotaDetalle
PUT,historiales/nota-final-detalle,"App\Http\Controllers\Historiales\HistorialesController",putNotaFinalDetalle
PUT,historiales/sesion,"App\Http\Controllers\Historiales\HistorialesController",putSesion
PUT,informes/cumpleanos-por-meses,"App\Http\Controllers\Informes\InformesController",putCumpleanosPorMeses
PUT,informes/datos,"App\Http\Controllers\Informes\InformesController",putDatos
PUT,bolfinales/cambiar-contador-certificados,"App\Http\Controllers\Informes\BolfinalesController",putCambiarContadorCertificados
PUT,bolfinales/cambiar-contador-folios,"App\Http\Controllers\Informes\BolfinalesController",putCambiarContadorFolios
PUT,bolfinales/detailed-notas-year-group/{grupo_id},"App\Http\Controllers\Informes\BolfinalesController",putDetailedNotasYearGroup
PUT,bolfinales/detailed-notas-year/{grupo_id},"App\Http\Controllers\Informes\BolfinalesController",putDetailedNotasYear
PUT,certificados-persona,"App\Http\Controllers\Informes\CertificadosPersonaController",putIndex
PUT,bolfinales-preescolar/crear-frase,"App\Http\Controllers\Informes\BolfinalesPreescolarController",putCrearFrase
PUT,bolfinales-preescolar/eliminar-frase,"App\Http\Controllers\Informes\BolfinalesPreescolarController",putEliminarFrase
PUT,bolfinales-preescolar/guardar-frase,"App\Http\Controllers\Informes\BolfinalesPreescolarController",putGuardarFrase
PUT,bolfinales-preescolar/detailed-notas-year-group/{grupo_id},"App\Http\Controllers\Informes\BolfinalesPreescolarController",putDetailedNotasYearGroup
PUT,bolfinales-preescolar/detailed-notas-year/{grupo_id},"App\Http\Controllers\Informes\BolfinalesPreescolarController",putDetailedNotasYear
PUT,puestos/detailed-notas-year,"App\Http\Controllers\Informes\PuestosController",putDetailedNotasYear
PUT,puestos/detailed-notas-periodo/{grupo_id},"App\Http\Controllers\Informes\PuestosController",putDetailedNotasPeriodo
PUT,planillas-ausencias/tardanza-entrada,"App\Http\Controllers\Informes\PlanillasAusenciasController",putTardanzaEntrada
GET,planillas-ausencias/show-profesor/{profesor_id},"App\Http\Controllers\Informes\PlanillasAusenciasController",getShowProfesor
PUT,notas-perdidas/profesor-grupos,"App\Http\Controllers\Informes\NotasPerdidasController",putProfesorGrupos
PUT,notas-perdidas/todos,"App\Http\Controllers\Informes\NotasPerdidasController",putTodos
GET,notas-perdidas/show-profesor/{profesor_id},"App\Http\Controllers\Informes\NotasPerdidasController",getShowProfesor
PUT,notas-actuales-alumnos/{grupo_id},"App\Http\Controllers\Informes\NotasActualesAlumnosController",putIndex
PUT,boletines/detailed-notas-group/{grupo_id},"App\Http\Controllers\Informes\BoletinesController",putDetailedNotasGroup
GET,boletines/detailed-notas-year/{grupo_id}/{periodo_a_calcular?},"App\Http\Controllers\Informes\BoletinesController",getDetailedNotasYear
PUT,boletines/detailed-notas/{grupo_id},"App\Http\Controllers\Informes\BoletinesController",putDetailedNotas
DELETE,boletines2/destroy/{id},"App\Http\Controllers\Informes\Boletines2Controller",deleteDestroy
PUT,boletines2/detailed-notas-group/{grupo_id},"App\Http\Controllers\Informes\Boletines2Controller",putDetailedNotasGroup
GET,boletines2/detailed-notas-year/{grupo_id}/{periodo_a_calcular?},"App\Http\Controllers\Informes\Boletines2Controller",getDetailedNotasYear
PUT,boletines2/detailed-notas/{grupo_id},"App\Http\Controllers\Informes\Boletines2Controller",putDetailedNotas
DELETE,boletines3/destroy/{id},"App\Http\Controllers\Informes\Boletines3Controller",deleteDestroy
PUT,boletines3/detailed-notas-group/{grupo_id},"App\Http\Controllers\Informes\Boletines3Controller",putDetailedNotasGroup
GET,boletines3/detailed-notas-year/{grupo_id}/{periodo_a_calcular?},"App\Http\Controllers\Informes\Boletines3Controller",getDetailedNotasYear
PUT,boletines3/detailed-notas/{grupo_id},"App\Http\Controllers\Informes\Boletines3Controller",putDetailedNotas
GET,simat,"App\Http\Controllers\Informes\SimatController",getIndex
GET,simat/alumnos,"App\Http\Controllers\Informes\SimatController",getAlumnos
GET,simat/alumnos-exportar,"App\Http\Controllers\Informes\SimatController",getAlumnosExportar
GET,acudientes-export/acudientes,"App\Http\Controllers\Informes\AcudientesExportController",getAcudientes
GET,excel-docentes,"App\Http\Controllers\Informes\ExcelListadoDocentesController",getIndex
GET,excel-docentes/docentes/{year}/{year_id},"App\Http\Controllers\Informes\ExcelListadoDocentesController",getDocentes
GET,observador,"App\Http\Controllers\Informes\ObservadorController",getIndex
GET,observador/vertical-todos,"App\Http\Controllers\Informes\ObservadorController",getVerticalTodos
GET,observador/vertical/{grupo_id}/{tamanio},"App\Http\Controllers\Informes\ObservadorController",getVertical
PUT,observador-horizontal/horizontal/{grupo_id},"App\Http\Controllers\Informes\ObservadorHorizontalController",putHorizontal
PUT,ordinales/destroy,"App\Http\Controllers\Disciplina\OrdinalesController",putDestroy
PUT,ordinales/guardar-valor,"App\Http\Controllers\Disciplina\OrdinalesController",putGuardarValor
PUT,ordinales/guardar-valor-config,"App\Http\Controllers\Disciplina\OrdinalesController",putGuardarValorConfig
PUT,ordinales/ordinales,"App\Http\Controllers\Disciplina\OrdinalesController",putOrdinales
POST,ordinales/store,"App\Http\Controllers\Disciplina\OrdinalesController",postStore
PUT,ordinales/update,"App\Http\Controllers\Disciplina\OrdinalesController",putUpdate
PUT,disciplina/alumnos,"App\Http\Controllers\Disciplina\DisciplinaController",putAlumnos
POST,disciplina/asignar-ordinal,"App\Http\Controllers\Disciplina\DisciplinaController",postAsignarOrdinal
PUT,disciplina/cambiar-situacion-derivante,"App\Http\Controllers\Disciplina\DisciplinaController",putCambiarSituacionDerivante
PUT,disciplina/destroy,"App\Http\Controllers\Disciplina\DisciplinaController",putDestroy
PUT,disciplina/quitar-ordinal,"App\Http\Controllers\Disciplina\DisciplinaController",putQuitarOrdinal
POST,disciplina/store,"App\Http\Controllers\Disciplina\DisciplinaController",postStore
PUT,disciplina/update,"App\Http\Controllers\Disciplina\DisciplinaController",putUpdate
PUT,promovidos/calcular-grupo,"App\Http\Controllers\PromovidosController",putCalcularGrupo
GET,perfiles,"App\Http\Controllers\Perfiles\PerfilesController",getIndex
PUT,perfiles/creartodoslosusuarios,"App\Http\Controllers\Perfiles\PerfilesController",putCreartodoslosusuarios
PUT,perfiles/guardar-mi-email-restore,"App\Http\Controllers\Perfiles\PerfilesController",putGuardarMiEmailRestore
POST,perfiles/store,"App\Http\Controllers\Perfiles\PerfilesController",postStore
GET,perfiles/trashed,"App\Http\Controllers\Perfiles\PerfilesController",getTrashed
GET,perfiles/usernames,"App\Http\Controllers\Perfiles\PerfilesController",getUsernames
GET,perfiles/usuariosall,"App\Http\Controllers\Perfiles\PerfilesController",getUsuariosall
PUT,perfiles/cambiaremailrestore/{id},"App\Http\Controllers\Perfiles\PerfilesController",putCambiaremailrestore
PUT,perfiles/cambiarfirmaunprofe/{profeelegido},"App\Http\Controllers\Perfiles\PerfilesController",putCambiarfirmaunprofe
PUT,perfiles/cambiarimgunalumno/{alumnoelegido},"App\Http\Controllers\Perfiles\PerfilesController",putCambiarimgunalumno
PUT,perfiles/cambiarimgunprofe/{profeelegido},"App\Http\Controllers\Perfiles\PerfilesController",putCambiarimgunprofe
PUT,perfiles/cambiarimgunusuario/{usuarioelegido},"App\Http\Controllers\Perfiles\PerfilesController",putCambiarimgunusuario
PUT,perfiles/cambiarpassword/{id},"App\Http\Controllers\Perfiles\PerfilesController",putCambiarpassword
GET,perfiles/comprobarusername/{username},"App\Http\Controllers\Perfiles\PerfilesController",getComprobarusername
DELETE,perfiles/destroy/{id},"App\Http\Controllers\Perfiles\PerfilesController",deleteDestroy
DELETE,perfiles/forcedelete/{id},"App\Http\Controllers\Perfiles\PerfilesController",deleteForcedelete
PUT,perfiles/guardar-username/{id},"App\Http\Controllers\Perfiles\PerfilesController",putGuardarUsername
PUT,perfiles/reset-password/{id},"App\Http\Controllers\Perfiles\PerfilesController",putResetPassword
PUT,perfiles/restore/{id},"App\Http\Controllers\Perfiles\PerfilesController",putRestore
GET,perfiles/show/{id},"App\Http\Controllers\Perfiles\PerfilesController",getShow
PUT,perfiles/update/{id},"App\Http\Controllers\Perfiles\PerfilesController",putUpdate
GET,perfiles/username/{username},"App\Http\Controllers\Perfiles\PerfilesController",getUsername
GET,myimages,"App\Http\Controllers\Perfiles\ImagesController",getIndex
PUT,myimages/cambiarlogocolegio,"App\Http\Controllers\Perfiles\ImagesController",putCambiarlogocolegio
PUT,myimages/datos-imagen,"App\Http\Controllers\Perfiles\ImagesController",putDatosImagen
POST,myimages/store,"App\Http\Controllers\Perfiles\ImagesController",postStore
POST,myimages/store-firma,"App\Http\Controllers\Perfiles\ImagesController",postStoreFirma
POST,myimages/store-intacta,"App\Http\Controllers\Perfiles\ImagesController",postStoreIntacta
POST,myimages/store-intacta-privada,"App\Http\Controllers\Perfiles\ImagesController",postStoreIntactaPrivada
DELETE,myimages/destroy/{id},"App\Http\Controllers\Perfiles\ImagesController",deleteDestroy
PUT,myimages/privatizar-imagen/{imagen_id},"App\Http\Controllers\Perfiles\ImagesController",putPrivatizarImagen
PUT,myimages/publicar-imagen/{imagen_id},"App\Http\Controllers\Perfiles\ImagesController",putPublicarImagen
PUT,images-users/imagenes-de-usuario,"App\Http\Controllers\Perfiles\ImagesUsuariosController",putImagenesDeUsuario
PUT,images-users/move-img-to-me,"App\Http\Controllers\Perfiles\ImagesUsuariosController",putMoveImgToMe
PUT,images-users/cambiar-firma-un-profe/{profe_id},"App\Http\Controllers\Perfiles\ImagesUsuariosController",putCambiarFirmaUnProfe
PUT,images-users/cambiar-foto-un-usuario/{user_id},"App\Http\Controllers\Perfiles\ImagesUsuariosController",putCambiarFotoUnUsuario
PUT,images-users/cambiar-imagen-oficial/{user_id},"App\Http\Controllers\Perfiles\ImagesUsuariosController",putCambiarImagenOficial
PUT,images-users/cambiar-imagen-perfil/{user_id},"App\Http\Controllers\Perfiles\ImagesUsuariosController",putCambiarImagenPerfil
PUT,images-users/cambiar-imagen-un-usuario/{user_id},"App\Http\Controllers\Perfiles\ImagesUsuariosController",putCambiarImagenUnUsuario
DELETE,images-users/destroy/{id},"App\Http\Controllers\Perfiles\ImagesUsuariosController",deleteDestroy
PUT,images-users/rotar-imagen-izquierda/{imagen_id},"App\Http\Controllers\Perfiles\ImagesUsuariosController",putRotarImagenIzquierda
PUT,images-users/rotarimagen/{imagen_id},"App\Http\Controllers\Perfiles\ImagesUsuariosController",putRotarimagen
PUT,/publicaciones/borrar-comentario,"App\Http\Controllers\Perfiles\PublicacionesController",putBorrarComentario
PUT,/publicaciones/comentar,"App\Http\Controllers\Perfiles\PublicacionesController",putComentar
PUT,/publicaciones/delete,"App\Http\Controllers\Perfiles\PublicacionesController",putDelete
PUT,/publicaciones/guardar-edicion,"App\Http\Controllers\Perfiles\PublicacionesController",putGuardarEdicion
PUT,/publicaciones/restaurar,"App\Http\Controllers\Perfiles\PublicacionesController",putRestaurar
PUT,/publicaciones/store,"App\Http\Controllers\Perfiles\PublicacionesController",putStore
PUT,/publicaciones/ultimas,"App\Http\Controllers\Perfiles\PublicacionesController",putUltimas
GET,/publicaciones/ultimas,"App\Http\Controllers\Perfiles\PublicacionesController",getUltimas
PUT,calendario/crear-evento,"App\Http\Controllers\Perfiles\CalendarioController",putCrearEvento
PUT,calendario/eliminar-evento,"App\Http\Controllers\Perfiles\CalendarioController",putEliminarEvento
PUT,calendario/guardar-evento,"App\Http\Controllers\Perfiles\CalendarioController",putGuardarEvento
PUT,calendario/sincronizar-cumples,"App\Http\Controllers\Perfiles\CalendarioController",putSincronizarCumples
PUT,calendario/this-year,"App\Http\Controllers\Perfiles\CalendarioController",putThisYear
PUT,editnota/alum-asignatura,"App\Http\Controllers\EditnotaController",putAlumAsignatura
GET,editnota/detailed-notas-year,"App\Http\Controllers\EditnotaController",getDetailedNotasYear
GET,editnota/trashed,"App\Http\Controllers\EditnotaController",getTrashed
DELETE,editnota/destroy/{id},"App\Http\Controllers\EditnotaController",deleteDestroy
PUT,editnota/detailed-notas/{grupo_id},"App\Http\Controllers\EditnotaController",putDetailedNotas
DELETE,editnota/forcedelete/{id},"App\Http\Controllers\EditnotaController",deleteForcedelete
PUT,editnota/restore/{id},"App\Http\Controllers\EditnotaController",putRestore
GET,votaciones,"App\Http\Controllers\VtVotacionesController",getIndex
GET,votaciones/actual,"App\Http\Controllers\VtVotacionesController",getActual
GET,votaciones/actual-in-action,"App\Http\Controllers\VtVotacionesController",getActualInAction
GET,votaciones/en-accion-inscrito,"App\Http\Controllers\VtVotacionesController",getEnAccionInscrito
PUT,votaciones/set-actual,"App\Http\Controllers\VtVotacionesController",putSetActual
PUT,votaciones/set-in-action,"App\Http\Controllers\VtVotacionesController",putSetInAction
PUT,votaciones/set-locked,"App\Http\Controllers\VtVotacionesController",putSetLocked
PUT,votaciones/set-permiso-ver-results,"App\Http\Controllers\VtVotacionesController",putSetPermisoVerResults
PUT,votaciones/set-votan-acudientes,"App\Http\Controllers\VtVotacionesController",putSetVotanAcudientes
PUT,votaciones/set-votan-profes,"App\Http\Controllers\VtVotacionesController",putSetVotanProfes
POST,votaciones/store,"App\Http\Controllers\VtVotacionesController",postStore
GET,votaciones/unsignedsusers,"App\Http\Controllers\VtVotacionesController",getUnsignedsusers
DELETE,votaciones/destroy/{id},"App\Http\Controllers\VtVotacionesController",deleteDestroy
GET,votaciones/show/{id},"App\Http\Controllers\VtVotacionesController",getShow
PUT,votaciones/update/{id},"App\Http\Controllers\VtVotacionesController",putUpdate
POST,aspiraciones/store,"App\Http\Controllers\VtAspiracionesController",postStore
PUT,aspiraciones/update,"App\Http\Controllers\VtAspiracionesController",putUpdate
DELETE,aspiraciones/destroy/{id},"App\Http\Controllers\VtAspiracionesController",deleteDestroy
GET,participantes,"App\Http\Controllers\VtParticipantesController",getIndex
GET,participantes/allinscritos,"App\Http\Controllers\VtParticipantesController",getAllinscritos
PUT,participantes/datos,"App\Http\Controllers\VtParticipantesController",putDatos
PUT,participantes/guardar-inscripciones,"App\Http\Controllers\VtParticipantesController",putGuardarInscripciones
POST,participantes/inscribir-profesores,"App\Http\Controllers\VtParticipantesController",postInscribirProfesores
PUT,participantes/profesores,"App\Http\Controllers\VtParticipantesController",putProfesores
PUT,participantes/set-locked,"App\Http\Controllers\VtParticipantesController",putSetLocked
PUT,participantes/votantes,"App\Http\Controllers\VtParticipantesController",putVotantes
DELETE,participantes/destroy/{id},"App\Http\Controllers\VtParticipantesController",deleteDestroy
GET,candidatos,"App\Http\Controllers\VtCandidatosController",getIndex
GET,candidatos/conaspiraciones,"App\Http\Controllers\VtCandidatosController",getConaspiraciones
POST,candidatos/store,"App\Http\Controllers\VtCandidatosController",postStore
DELETE,candidatos/destroy/{id},"App\Http\Controllers\VtCandidatosController",deleteDestroy
GET,votos,"App\Http\Controllers\VtVotosController",getIndex
PUT,votos/show,"App\Http\Controllers\VtVotosController",putShow
POST,votos/store,"App\Http\Controllers\VtVotosController",postStore
DELETE,votos/destroy/{id},"App\Http\Controllers\VtVotosController",deleteDestroy
PUT,votos/update/{id},"App\Http\Controllers\VtVotosController",putUpdate
GET,planillas/listas-personalizadas,"App\Http\Controllers\PlanillasController",getListasPersonalizadas
GET,planillas/ver-ausencias,"App\Http\Controllers\PlanillasController",getVerAusencias
GET,planillas/ver-simat,"App\Http\Controllers\PlanillasController",getVerSimat
GET,planillas/show-grupo/{grupo_id},"App\Http\Controllers\PlanillasController",getShowGrupo
GET,planillas/show-profesor/{profesor_id},"App\Http\Controllers\PlanillasController",getShowProfesor
PUT,actas-evaluacion/acta-evaluacion-promocion,"App\Http\Controllers\Informes\ActasEvaluacionController",putActaEvaluacionPromocion
PUT,actas-evaluacion/detalle,"App\Http\Controllers\Informes\ActasEvaluacionController",putDetalle
GET,certificados-estudio/certificado-alumno/{grupo_id},"App\Http\Controllers\CertificadosEstudioController",getCertificadoAlumno
GET,certificados-estudio/certificado-grupo/{grupo_id},"App\Http\Controllers\CertificadosEstudioController",getCertificadoGrupo
GET,password/remind,"App\Http\Controllers\RemindersController",getRemind
POST,password/remind,"App\Http\Controllers\RemindersController",postRemind
POST,password/reset,"App\Http\Controllers\RemindersController",postReset
GET,password/reset/{token?},"App\Http\Controllers\RemindersController",getReset
POST,asistencias-app,"App\Http\Controllers\AppMobile\AsistenciasAppController",postIndex
GET,asistencias-app/datos-solo-alumnos,"App\Http\Controllers\AppMobile\AsistenciasAppController",getDatosSoloAlumnos
PUT,asistencias-app/detailed,"App\Http\Controllers\AppMobile\AsistenciasAppController",putDetailed
PUT,asistencias-app/eliminar-ausencia,"App\Http\Controllers\AppMobile\AsistenciasAppController",putEliminarAusencia
PUT,asistencias-app/poner-ausencia,"App\Http\Controllers\AppMobile\AsistenciasAppController",putPonerAusencia
POST,tardanzas/login,"App\Http\Controllers\Tardanzas\TLoginController",postIndex
POST,tardanzas/login/traer-datos,"App\Http\Controllers\Tardanzas\TLoginController",postTraerDatos
POST,tardanzas/login/traer-datos-ausencias,"App\Http\Controllers\Tardanzas\TLoginController",postTraerDatosAusencias
POST,tardanzas/subir,"App\Http\Controllers\Tardanzas\TSubirController",postIndex
PUT,tardanzas/subir/eliminar-ausencia,"App\Http\Controllers\Tardanzas\TSubirController",putEliminarAusencia
PUT,tardanzas/subir/poner-ausencia,"App\Http\Controllers\Tardanzas\TSubirController",putPonerAusencia
PUT,actividades/compartidas,"App\Http\Controllers\Actividades\ActividadesController",putCompartidas
POST,actividades/crear,"App\Http\Controllers\Actividades\ActividadesController",postCrear
PUT,actividades/datos,"App\Http\Controllers\Actividades\ActividadesController",putDatos
PUT,actividades/edicion,"App\Http\Controllers\Actividades\ActividadesController",putEdicion
PUT,actividades/guardar,"App\Http\Controllers\Actividades\ActividadesController",putGuardar
PUT,actividades/insert-grupo-compartido,"App\Http\Controllers\Actividades\ActividadesController",putInsertGrupoCompartido
PUT,actividades/para-acudientes-toggle,"App\Http\Controllers\Actividades\ActividadesController",putParaAcudientesToggle
PUT,actividades/para-alumnos-toggle,"App\Http\Controllers\Actividades\ActividadesController",putParaAlumnosToggle
PUT,actividades/para-profesores-toggle,"App\Http\Controllers\Actividades\ActividadesController",putParaProfesoresToggle
PUT,actividades/quitando-grupo-compartido,"App\Http\Controllers\Actividades\ActividadesController",putQuitandoGrupoCompartido
PUT,actividades/set-compartida,"App\Http\Controllers\Actividades\ActividadesController",putSetCompartida
DELETE,actividades/destroy/{id},"App\Http\Controllers\Actividades\ActividadesController",deleteDestroy
PUT,mis-actividades/datos,"App\Http\Controllers\Actividades\MisActividadesController",putDatos
PUT,mis-actividades/finalizar-actividad,"App\Http\Controllers\Actividades\MisActividadesController",putFinalizarActividad
PUT,mis-actividades/guardar,"App\Http\Controllers\Actividades\MisActividadesController",putGuardar
PUT,mis-actividades/mi-actividad,"App\Http\Controllers\Actividades\MisActividadesController",putMiActividad
PUT,mis-actividades/seleccionar-opcion,"App\Http\Controllers\Actividades\MisActividadesController",putSeleccionarOpcion
POST,preguntas/crear,"App\Http\Controllers\Actividades\PreguntasController",postCrear
PUT,preguntas/duplicar-pregunta,"App\Http\Controllers\Actividades\PreguntasController",putDuplicarPregunta
PUT,preguntas/edicion,"App\Http\Controllers\Actividades\PreguntasController",putEdicion
PUT,preguntas/guardar,"App\Http\Controllers\Actividades\PreguntasController",putGuardar
PUT,preguntas/toggle-opcion-otra,"App\Http\Controllers\Actividades\PreguntasController",putToggleOpcionOtra
PUT,preguntas/update-orden,"App\Http\Controllers\Actividades\PreguntasController",putUpdateOrden
DELETE,preguntas/destroy/{id},"App\Http\Controllers\Actividades\PreguntasController",deleteDestroy
PUT,opciones/add-opcion,"App\Http\Controllers\Actividades\OpcionesController",putAddOpcion
PUT,opciones/guardar,"App\Http\Controllers\Actividades\OpcionesController",putGuardar
PUT,opciones/set-opcion-correct,"App\Http\Controllers\Actividades\OpcionesController",putSetOpcionCorrect
DELETE,opciones/destroy/{id},"App\Http\Controllers\Actividades\OpcionesController",deleteDestroy
PUT,respuestas/actividad,"App\Http\Controllers\Actividades\RespuestasController",putActividad
GET,piars-config,"App\Http\Controllers\Piars\PiarsConfigController",getIndex
PUT,piars-config/config,"App\Http\Controllers\Piars\PiarsConfigController",putConfig
PUT,piars-grupos/contexto-de-grupo,"App\Http\Controllers\Piars\PiarsGruposController",putContextoDeGrupo
GET,piars-grupos/grupos,"App\Http\Controllers\Piars\PiarsGruposController",getGrupos
GET,piars-grupos/contexto-de-grupo/{grupo_id},"App\Http\Controllers\Piars\PiarsGruposController",getContextoDeGrupo
POST,piars-alumnos/document,"App\Http\Controllers\Piars\PiarsAlumnosController",postDocument
PUT,piars-alumnos/field,"App\Http\Controllers\Piars\PiarsAlumnosController",putField
GET,piars-alumnos/alumnos/{grupo_id},"App\Http\Controllers\Piars\PiarsAlumnosController",getAlumnos
DELETE,piars-alumnos/document/{alumno_id},"App\Http\Controllers\Piars\PiarsAlumnosController",deleteDocument
PUT,piars-asignaturas/field,"App\Http\Controllers\Piars\PiarsAsignaturasController",putField
GET,piars-asignaturas/asignaturas/{grupo_id}/{alumno_id},"App\Http\Controllers\Piars\PiarsAsignaturasController",getAsignaturas
POST,piars-actas-acuerdo/document,"App\Http\Controllers\Piars\PiarsActasAcuerdoController",postDocument
DELETE,piars-actas-acuerdo/document/{alumno_id},"App\Http\Controllers\Piars\PiarsActasAcuerdoController",deleteDocument
GET,piars-actas-acuerdo/matriculas/{grupo_id},"App\Http\Controllers\Piars\PiarsActasAcuerdoController",getMatriculas
